Directory Name,Website,Submission URL,Category,Industry Focus,Submission Cost,Authority Score,Estimated Traffic,Submission Requirements,Contact Email,Status,Priority
Finishing.com,https://finishing.com,https://finishing.com/Directory/,Software & Technology,Metal Finishing,Free,85,"10,000/month","Company profile, product description, contact info",directory@finishing.com,Not Started,High
PCI Powder Coating Institute,https://powdercoating.org,https://powdercoating.org/page/TechPartners,Technology Partners,Powder Coating,Free,75,"5,000/month","Member verification, solution details, case studies",info@powdercoating.org,Not Started,High
FDA Software Directory,https://www.fda.gov,Contact required,CFR 21 Part 11,Pharmaceutical/Food,Free,95,"50,000/month","Compliance documentation, validation evidence",webmail@fda.hhs.gov,Not Started,Medium
FoodSafetyTech,https://www.foodsafetytech.com,https://www.foodsafetytech.com/resources/,HACCP Tools,Food Safety,Free,70,"8,000/month","Product overview, compliance info, demo access",editor@foodsafetytech.com,Not Started,High
Concrete Directory,https://www.concrete.org,https://www.concrete.org/store/,Construction Software,Construction,Varies,80,"15,000/month","ACI membership, technical specifications",webmaster@concrete.org,Not Started,Medium
NACE International,https://www.nace.org,https://www.nace.org/resources/,Corrosion Control,Coatings & Materials,Member Required,85,"12,000/month","Technical papers, case studies, NACE membership",webmaster@nace.org,Not Started,Medium
SSPC Directory,https://www.sspc.org,https://www.sspc.org/resources/,Protective Coatings,Industrial Coatings,Free,80,"7,000/month","Product specs, compliance documentation",info@sspc.org,Not Started,Medium
IFT Food Technology,https://www.ift.org,https://www.ift.org/solutions-database,Food Technology,Food Processing,Member Required,75,"6,000/month","IFT membership, solution overview",info@ift.org,Not Started,Low
Capterra,https://www.capterra.com,https://www.capterra.com/vendors/,Software Directory,General Software,$199/month,90,"500,000/month","Software demo, pricing, customer reviews",vendors@capterra.com,Not Started,High
G2,https://www.g2.com,https://www.g2.com/products/new,Software Reviews,General Software,Free,88,"400,000/month","Product profile, customer reviews, feature list",support@g2.com,Not Started,High
Software Advice,https://www.softwareadvice.com,https://www.softwareadvice.com/vendors/,Software Directory,General Software,$299/month,85,"300,000/month","Vendor profile, product demos, case studies",partners@softwareadvice.com,Not Started,Medium
TrustRadius,https://www.trustradius.com,https://www.trustradius.com/vendor-resources,Software Reviews,Enterprise Software,Free,82,"200,000/month","Product profile, customer testimonials",vendors@trustradius.com,Not Started,Medium
FinanceOnline,https://financesonline.com,https://financesonline.com/add-your-software/,Software Directory,Business Software,Free,78,"100,000/month","Software overview, feature comparison",editors@financesonline.com,Not Started,Low
GetApp,https://www.getapp.com,https://www.getapp.com/vendors/,Software Marketplace,Business Apps,Free,83,"250,000/month","App profile, screenshots, pricing info",vendors@getapp.com,Not Started,Medium
SourceForge,https://sourceforge.net,https://sourceforge.net/create/,Open Source Directory,Developer Tools,Free,88,"800,000/month","Project description, source code, documentation",help@sourceforge.net,Not Started,Low
AlternativeTo,https://alternativeto.net,https://alternativeto.net/software/new/,Software Alternatives,General Software,Free,80,"150,000/month","Software description, feature comparison",contact@alternativeto.net,Not Started,Medium
Product Hunt,https://www.producthunt.com,https://www.producthunt.com/posts/new,Product Discovery,Tech Products,Free,85,"300,000/month","Product launch, maker profile, screenshots",hello@producthunt.com,Not Started,High
GitHub Marketplace,https://github.com/marketplace,https://github.com/marketplace/new,Developer Tools,Software Development,Free,95,"2,000,000/month","GitHub app, action, or tool submission",support@github.com,Not Started,Medium
Slashdot,https://slashdot.org,Contact required,Tech News,Technology,Free,85,"500,000/month","Tech news submission, product announcement",editor@slashdot.org,Not Started,Low
Reddit Software,https://reddit.com/r/software,Direct Post,Software Community,General Software,Free,70,"100,000/month","Community post, demo links, discussion",N/A,Not Started,High