Company,Contact_Email,Contact_Name,Phone,Website,Primary_Products,Target_Industries,Partnership_Priority,Personal_Note
Softbox (by CSafe),info@softboxsystems.com,Info,,https://softboxsystems.com,"Insulated shippers","Pharma",High,"Quick Friday note—know folks are heading out. Happy to send a Softbox‑branded sample after the weekend; no rush."
Intelsius,info@intelsius.com,Info,,https://intelsius.com,"Insulated packaging","Pharma, clinical",Medium,"Friday check‑in as teams wrap up—can share a 1‑page Intelsius‑branded example Monday if helpful."
Cryoport,info@cryoport.com,Info,,https://www.cryoport.com,"Cryogenic logistics","Cell & gene",High,"Short Friday ping before the weekend—sample shows how cryo conditions roll into a clean QA certificate."
Cold Chain Technologies,info@coldchaintech.com,Info,,https://www.coldchaintech.com,"Thermal packaging","Pharma, biotech",High,"Weekend‑safe note: no action needed now—happy to queue a CCT‑branded sample for early next week."
Nordic Cold Chain Solutions,info@nordiccoldchain.com,Info,,https://www.nordiccoldchain.com,"Gel packs & packaging","Food, pharma",Medium,"Friday note—can send a quick Nordic‑branded certificate mockup Monday; enjoy the weekend."
TempGenius,info@tempgenius.com,Info,,https://www.tempgenius.com,"Wireless monitoring","Healthcare, labs",High,"Heading into Friday PM—example certificate highlights excursions/approvals for Joint Commission; I can send after the weekend."
LogTag Recorders,info@logtagrecorders.com,Info,,https://www.logtagrecorders.com,"Data loggers","Pharma, food",High,"Friday touch—LogTag + a simple certificate per shipment keeps audits tidy. Sample ready next week if you like."
SenseAnywhere,info@senseanywhere.com,Info,,https://www.senseanywhere.com,"Wireless sensors","Pharma, storage",High,"Quick Friday hello—happy to prep a SenseAnywhere‑branded example; no rush to reply today."
Hanwell Solutions (Ellab),sales@hanwell.com,Sales,,https://hanwell.com,"Environmental monitoring","Pharma, museums",Medium,"Pre‑weekend note—can show RMS‑style certificate layout tied to alarm acknowledgements next week."
Ellab,info@ellab.com,Info,,https://www.ellab.com,"Validation & monitoring","Pharma, biotech",High,"Friday skim only—certificate output aligns to validation batches; I’ll send a clean example after the weekend."
Oceasoft,sales@oceasoft.com,Sales,,https://www.oceasoft.com,"Monitoring & cloud","Life sciences",Medium,"Quick Friday ping—co‑branded certificate that rides with Cobalt uploads; can share a mock next week."
Berlinger,info@berlinger.com,Info,,https://www.berlinger.com,"Q‑Tag, SmartView","Pharma logistics",High,"Not urgent (Friday!)—Q‑Tag outcomes summarized in a simple certificate; happy to share Monday."
Timestrip,info@timestrip.com,Info,,https://www.timestrip.com,"Time/Temp indicators","Healthcare, food",Medium,"Friday note—operators love simple; certificate captures outcome + lot for audits. Sample ready next week."
Tive,contact@tive.com,Contact,,https://www.tive.com,"Trackers & platform","Logistics",Medium,"Weekend‑friendly ping—no action now; sample certificate ties to lane KPIs. Can send Tuesday if preferred."
CSafe,info@csafeglobal.com,Info,,https://csafeglobal.com,"Active containers","Pharma",High,"Friday heads‑up—container trip + compliance rolled into one certificate; will share a CSafe mockup next week."
NewCold,info@newcold.com,Info,,https://www.newcold.com,"Automated cold storage","Food",Medium,"Short Friday hello—certificate pairs with WMS handoffs for clean receiver audits. Happy to send Monday."
Americold,info@americold.com,Info,,https://www.americold.com,"Cold storage & logistics","Food, pharma",Medium,"Pre‑weekend note—example shows audit‑ready handoff for receivers. I can queue this for next week."
MadgeTech,sales@madgetech.com,Sales,,https://www.madgetech.com,"Data loggers & software","Labs, pharma",Medium,"Friday skim—PDF/A‑3 certs aligned to calibrations; I’ll send a sample after the weekend."
Temprecord,info@temprecord.com,Info,,https://www.temprecord.com,"TRW loggers & software","Pharma, food",High,"End‑of‑week note—WHO PQS + a per‑shipment certificate is a clean combo. Can share Monday."
Comark Instruments,sales@comarkinstruments.com,Sales,,https://www.comarkinstruments.net,"Kitchen & QA instruments","Food service, retail",Medium,"Friday quick one—HACCP teams like simple proof; happy to send a Comark‑branded example next week."
